{
  "timestamp": "2025-12-12 21:04:32",
  "train": {
    "r2": 0.9685005682099234,
    "rmse": 2.900548339708224,
    "mae": 2.3150811977057613,
    "mape": 8.624745036846356
  },
  "validation": {
    "r2": 0.964740114254729,
    "rmse": 3.0927992745978963,
    "mae": 2.4628610705972718,
    "mape": 9.173615536985233
  },
  "test": {
    "r2": 0.9624832611519302,
    "rmse": 3.139171532794059,
    "mae": 2.498454404901482,
    "mape": 9.31708513487264
  },
  "model_size_mb": 0.32064247131347656
}