{
  "timestamp": "2025-12-12 23:01:47",
  "train": {
    "r2": 0.9685005682099234,
    "rmse": 2.900548339708224,
    "mae": 2.315081197705761,
    "mape": 8.62474503684636
  },
  "validation": {
    "r2": 0.964740114254729,
    "rmse": 3.0927992745978963,
    "mae": 2.4628610705972718,
    "mape": 9.173615536985233
  },
  "test": {
    "r2": 0.9624832611519302,
    "rmse": 3.139171532794059,
    "mae": 2.498454404901482,
    "mape": 9.31708513487264
  },
  "model_size_mb": 0.3208808898925781
}